Title,Type,Price
Star Wars Episode IV,DVD,20
Star Wars Episode V,DVD,20
Star Wars Episode VI,DVD,20
Star Wars Episode IV,Blu-Ray,25
Star Wars Episode V,Blu-Ray,25
Star Wars Episode VI,Blu-Ray,25
Star Wars Episode VII,Blu-Ray,25
Star Wars Episode VIII,Blu-Ray,25
Star Wars Episode IX,Blu-Ray,25
Star Wars Episode X,Blu-Ray,25
Star Wars Episode IV,Blu-Ray,25
Star Wars Episode V,Blu-Ray,25
Star Wars Episode VI,Blu-Ray,25
Star Wars Episode VII,Blu-Ray,25
Star Wars Episode VIII,Blu-Ray,25
Star Wars Episode IX,Blu-Ray,25
Star Wars Episode X,Blu-Ray,25
Star Wars Episode IV,Blu-Ray,25
Star Wars Episode V,Blu-Ray,25
Star Wars Episode VI,Blu-Ray,25
Star Wars Episode VII,Blu-Ray,25
Star Wars Episode VIII,Blu-Ray,25
Star Wars Episode IX,Blu-Ray,25
Star Wars Episode X,Blu-Ray,25
Star Wars Episode IV,Blu-Ray,25
Star Wars Episode V,Blu-Ray,25
Star Wars Episode VI,Blu-Ray,25
Star Wars Episode VII,Blu-Ray,25
Star Wars Episode VIII,Blu-Ray,25
Star Wars Episode IX,Blu-Ray,25
Star Wars Episode X,Blu-Ray,25
Star Wars Episode IV,Blu-Ray,25
Star Wars Episode V,Blu-Ray,25
Star Wars Episode VI,Blu-Ray,25
Star Wars Episode VII,Blu-Ray,25
Star Wars Episode VIII,Blu-Ray,25
Star Wars Episode IX,Blu-Ray,25
Star Wars Episode X,Blu-Ray,25
